{
  "Pokemon": [
    {
      "generation": "1Gen",
      "pokemons": [
        {
          "name": "Bulbasaur",
          "type": "plant",
          "hp": 45,
          "attack": 49,
          "defense": 49,
          "speed": 45,
          "movements": [
            "Tackle",
            "Vine Whip"
          ]
        },
        {
          "name": "Squirtle",
          "type": "water",
          "hp": 44,
          "attack": 48,
          "defense": 65,
          "speed": 43,
          "movements": [
            "Tackle",
            "Water Gun"
          ]
        },
        {
          "name": "Charmander",
          "type": "fire",
          "hp": 39,
          "attack": 52,
          "defense": 43,
          "speed": 65,
          "movements": [
            "Tackle",
            "Flame Thrower"
          ]
        }
      ]
    },
    {
      "generation": "2Gen",
      "pokemons": [
        {
          "name": "Chikorita",
          "type": "plant",
          "hp": 45,
          "attack": 49,
          "defense": 65,
          "speed": 45,
          "movements": [
            "Tackle",
            "Giga Drain"
          ]
        },
        {
          "name": "Totodile",
          "type": "water",
          "hp": 50,
          "attack": 65,
          "defense": 64,
          "speed": 43,
          "movements": [
            "Tackle",
            "Aqua Tail"
          ]
        },
        {
          "name": "Cyndaquil",
          "type": "fire",
          "hp": 39,
          "attack": 52,
          "defense": 43,
          "speed": 65,
          "movements": [
            "Tackle",
            "Overheat"
          ]
        }
      ]
    },
    {
      "generation": "3Gen",
      "pokemons": [
        {
          "name": "Treecko",
          "type": "plant",
          "hp": 40,
          "attack": 45,
          "defense": 35,
          "speed": 70,
          "movements": [
            "Tackle",
            "Energy Ball"
          ]
        },
        {
          "name": "Mudkip",
          "type": "water",
          "hp": 50,
          "attack": 70,
          "defense": 50,
          "speed": 40,
          "movements": [
            "Tackle",
            "Hydro Pump"
          ]
        },
        {
          "name": "Torchic",
          "type": "fire",
          "hp": 45,
          "attack": 60,
          "defense": 40,
          "speed": 45,
          "movements": [
            "Tackle",
            "Embers"
          ]
        }
      ]
    },
    {
      "generation": "4Gen",
      "pokemons": [
        {
          "name": "Turtwig",
          "type": "plant",
          "hp": 55,
          "attack": 68,
          "defense": 64,
          "speed": 31,
          "movements": [
            "Tackle",
            "Leaf Blade"
          ]
        },
        {
          "name": "Piplup",
          "type": "water",
          "hp": 53,
          "attack": 51,
          "defense": 53,
          "speed": 40,
          "movements": [
            "Tackle",
            "Bubble Beam"
          ]
        },
        {
          "name": "Chimchar",
          "type": "fire",
          "hp": 44,
          "attack": 58,
          "defense": 44,
          "speed": 61,
          "movements": [
            "Tackle",
            "Fire Spin"
          ]
        }
      ]
    }
  ]
}